Incident Id, CAD Id, Time, Type, Address, Latitude, Longitude, # of Rounds, District, Beat
25054,,2015-09-28 18:47:46,Single Gunshot,111 Fitzpatrick Ave,42.0941306521,-71.0312148208,1,,
25002,,2015-09-27 05:17:55,Single Gunshot,484 N Montello St,42.0956397429,-71.0175710911,1,,
25001,,2015-09-27 05:17:15,Single Gunshot,607 N Montello St,42.0987085315,-71.0177641031,1,,
24881,,2015-09-22 04:53:25,Single Gunshot,51 Massasoit Blvd,42.0793474927,-70.9901589086,1,,
24874,15-93668,2015-09-21 21:24:57,Multiple Gunshots,71 Foster St,42.0731486912,-71.0248734943,3,,
24840,,2015-09-20 19:37:01,Possible Gunfire,998 Main St,42.065599077,-71.0161137454,2,,
24837,,2015-09-20 19:04:20,Multiple Gunshots,66 Watson St,42.0558768971,-71.0119102891,2,,
24814,,2015-09-19 22:28:22,Possible Gunfire,Maple Ave,42.0807120749,-71.0196442381,3,,
24794,,2015-09-19 19:37:31,Multiple Gunshots,10 Walnut St,42.0868529863,-71.0227212996,13,,
24775,,2015-09-19 01:34:20,Single Gunshot,102 Highland St,42.0835067936,-71.0277698204,1,,
24012,,2015-09-16 01:39:50,Possible Gunfire,79 E Main St,42.09899167,-71.0191397681,1,,
23973,,2015-09-15 22:13:28,Possible Gunfire,50 Elliot St,42.0906282422,-71.0169736332,3,,
23838,,2015-09-14 03:59:31,Single Gunshot,5 W Park St,42.0771150561,-71.0222455304,1,,
23815,,2015-09-08 11:12:07,Multiple Gunshots,S Fuller St Ext & Johnson Sq,42.0736136619,-71.0254023346,14,,
23812,,2015-09-07 13:03:53,Possible Gunfire,12 Farrington St,42.0923352491,-71.0200237313,1,,
23763,,2015-08-28 19:49:40,Multiple Gunshots,88 Turner St,42.0906337573,-71.0221344761,4,,
23762,,2015-08-28 19:49:34,Multiple Gunshots,75 Turner St,42.0904106284,-71.0217876195,2,,
23757,,2015-08-24 20:52:40,Multiple Gunshots,Packard Way,42.0713391111,-71.0210981679,2,,
23728,,2015-08-20 00:32:25,Multiple Gunshots,26 Florence St,42.0721750448,-71.0199261771,11,,
23718,15-79772,2015-08-16 13:12:50,Multiple Gunshots,145 Prospect St,42.0915906131,-71.0262892266,9,,
23711,,2015-08-15 03:48:46,Multiple Gunshots,43 David St,42.0708117904,-71.0200788298,7,,
23710,,2015-08-15 03:20:07,Multiple Gunshots, ,42.071501956,-71.0197070623,5,,
23656,15-77183,2015-08-09 15:25:58,Possible Gunfire,22 Howard St,42.1059140979,-71.0255160229,1,,
23615,,2015-08-03 12:36:26,Multiple Gunshots, ,42.0725631801,-71.0211945231,5,,
23613,,2015-08-03 00:32:50,Multiple Gunshots, ,42.0733627017,-71.0215554878,6,,
23596,,2015-08-02 02:55:16,Multiple Gunshots,8 Crowell St,42.0883296985,-71.0219574698,11,,
23575,15-73603,2015-07-30 18:18:14,Multiple Gunshots,8 Appleton St,42.0892136851,-71.0229558013,4,,
23574,15-73603,2015-07-30 18:18:11,Multiple Gunshots,61 Wyman St,42.0890686895,-71.0223470346,5,,
23571,15-73231,2015-07-29 18:17:34,Multiple Gunshots, ,42.0776437221,-71.0264713856,9,,
23570,,2015-07-29 13:48:13,Multiple Gunshots,84 Woodbine St,42.0590448388,-71.0232430502,6,,
23565,,2015-07-28 00:39:31,Multiple Gunshots,26 Florence St,42.0715812168,-71.0197934571,7,,
23540,,2015-07-26 00:30:56,Single Gunshot,660 Montello St,42.0722004222,-71.0163602559,1,,
23513,,2015-07-24 04:12:40,Multiple Gunshots,20 Forest Ave,42.0729647624,-71.0195962835,11,,
23494,,2015-07-22 06:39:25,Possible Gunfire,363 N Main St,42.0932648445,-71.018843326,1,,
23450,15-69621,2015-07-19 20:29:20,Multiple Gunshots,140 French Ave,42.0638735068,-71.0204094791,2,,
23433,,2015-07-19 02:01:49,Multiple Gunshots,133 Turner St,42.091053896,-71.0217740553,4,,
23382,,2015-07-18 03:21:58,Single Gunshot,92 Waverly St,42.0905766742,-71.0218884109,1,,
23381,,2015-07-18 03:21:17,Multiple Gunshots,78 Turner St,42.0905317397,-71.0219779584,3,,
23380,15-69036,2015-07-17 22:53:24,Possible Gunfire,396 N Warren Ave,42.0935024768,-71.0267943986,2,,
23366,,2015-07-17 00:21:09,Multiple Gunshots,61 French Ave,42.0657242802,-71.0209729303,3,,
23363,,2015-07-15 04:52:48,Single Gunshot,24 Falmouth Ave,42.0900144298,-71.021321352,1,,
23322,15-67480,2015-07-13 19:23:25,Possible Gunfire,29 Farrington St,42.092427575,-71.0209900452,1,,
23290,,2015-07-12 04:27:13,Multiple Gunshots,65 Green St,42.0848720636,-71.0217810209,10,,
23120,,2015-07-08 02:31:55,Single Gunshot,Golden Circle,42.0873727742,-71.0259028269,1,,
21300,,2015-07-03 20:20:57,Multiple Gunshots,377 N Montello St,42.0934687088,-71.0170939645,2,,
20948,15-63063,2015-07-01 20:39:06,Possible Gunfire,68 Clinton Ave,42.0809603554,-71.0213400156,3,,
20771,,2015-06-28 21:54:52,Multiple Gunshots,168 Prospect St,42.0910855287,-71.0269447676,7,,
20688,,2015-06-27 04:00:23,Single Gunshot,77 Bolton Pl,42.0786351751,-71.0182379441,1,,
20687,,2015-06-27 02:55:54,Multiple Gunshots, ,42.058755891,-71.008811512,12,,
20452,,2015-06-18 21:58:58,Possible Gunfire,39 Spring St,42.0867899785,-71.0215337216,2,,
20429,,2015-06-14 02:55:52,Multiple Gunshots,64 Hillberg Ave,42.0660555773,-71.0230417898,11,,
20428,,2015-06-14 02:46:22,Single Gunshot,135 Forest Ave,42.0721279857,-71.0250169459,1,,
20391,,2015-06-11 05:00:58,Possible Gunfire,156 W Elm St,42.0819205842,-71.0251421101,1,,
20388,,2015-06-09 19:20:47,Possible Gunfire,1 Carroll Ave,42.0657154026,-71.021059833,3,,
20317,,2015-06-05 05:11:46,Multiple Gunshots, ,42.0728405846,-71.0169441731,3,,
20316,,2015-06-05 05:11:31,Multiple Gunshots,91 Packard St,42.0729234006,-71.0167905973,5,,
20248,,2015-05-25 10:47:47,Possible Gunfire,120 Green St,42.0844961045,-71.0229403681,2,,
20241,,2015-05-24 19:48:56,Multiple Gunshots,72 Spring St,42.0863648342,-71.0228561525,8,,
20239,,2015-05-24 01:21:25,Multiple Gunshots,985 Main St,42.0658048156,-71.016480419,8,,
20233,,2015-05-19 23:57:44,Multiple Gunshots, ,42.073960442,-71.0259966918,9,,
20232,,2015-05-19 23:54:12,Single Gunshot,9 Tribou St,42.0693003285,-71.018343736,1,,
20231,,2015-05-19 23:52:35,Single Gunshot,97 Chester Ave,42.076964899,-71.024000921,1,,
20230,,2015-05-19 23:52:20,Multiple Gunshots,119 Belmont St,42.0801774254,-71.0241971685,8,,
20224,,2015-05-17 03:57:55,Multiple Gunshots,19 Farrington St,42.0923878215,-71.0203803463,6,,
20206,15-46046,2015-05-16 02:24:29,Multiple Gunshots,69 South St,42.0632077589,-71.0180174985,4,,
20189,,2015-05-10 18:55:25,Multiple Gunshots,4 Cherry St,42.0916677243,-71.0248087624,6,,
20155,,2015-05-02 02:22:17,Multiple Gunshots,30 Farrington St,42.0921390944,-71.0211518275,3,,
20154,,2015-05-02 02:22:10,Single Gunshot,37 Farrington St,42.0926136408,-71.0214718072,1,,
20147,,2015-04-26 21:14:37,Possible Gunfire,7 Poole Ave,42.0570042247,-71.0186637917,4,,
20146,,2015-04-26 16:29:09,Single Gunshot, ,42.0864705143,-71.0272753137,1,,
20143,,2015-04-21 21:59:46,Multiple Gunshots, ,42.09198888,-71.0208303541,3,,
20137,,2015-04-18 21:51:05,Multiple Gunshots,61 Oakdale St,42.0898810085,-71.0284712248,2,,
20122,15-33796,2015-04-10 23:28:13,Multiple Gunshots, ,42.0781745713,-71.0235565511,4,,
20115,,2015-04-06 15:55:24,Multiple Gunshots,137 Warren Ave,42.0830343494,-71.0233096905,12,,
20112,,2015-04-04 02:53:38,Multiple Gunshots,53 French Ave,42.066140925,-71.0210830193,6,,
20111,,2015-04-02 23:29:23,Single Gunshot,43 Hillberg Ave,42.0664374081,-71.0220333442,1,,
20092,,2015-03-15 16:42:23,Multiple Gunshots,47 South St,42.0633416484,-71.0170987533,12,,
20087,,2015-03-14 03:11:01,Multiple Gunshots,14 Cottage St,42.079825731,-71.021680466,2,,
20086,,2015-03-13 06:54:41,Multiple Gunshots,54 Perkins Ave,42.0637597769,-71.0128832195,5,,
20067,,2015-02-07 05:36:11,Single Gunshot,101 Nilsson St,42.0671632391,-71.0214272489,1,,
20065,,2015-02-03 02:06:01,Multiple Gunshots,57 Bartlett St,42.0783427886,-71.0234578309,5,,
20045,,2015-02-01 03:05:26,Multiple Gunshots,652 Main St,42.0722282035,-71.018509717,4,,
20040,,2015-01-30 02:41:06,Multiple Gunshots,96 Glenwood St,42.0838063112,-71.0256988526,8,,
20039,,2015-01-29 23:52:30,Single Gunshot,79 Track St,42.0720547829,-71.0222463452,1,,
20038,,2015-01-25 18:08:36,Multiple Gunshots,11 Tremont St,42.0650101308,-71.0165481126,2,,
20031,,2015-01-21 01:01:19,Multiple Gunshots,82 Oakland Pl,42.0877540244,-71.0246174092,7,,
20017,,2015-01-06 21:44:34,Multiple Gunshots,45 Wyman St,42.0892305053,-71.0215935105,6,,
20016,,2015-01-04 16:58:23,Multiple Gunshots,15 Wyman St,42.0891118961,-71.0200577731,10,,
20015,,2015-01-04 14:41:12,Multiple Gunshots,22 Nason St,42.0678856677,-71.0239184539,12,,
19990,,2015-01-01 00:01:19,Multiple Gunshots,30 Farrington St,42.0921429979,-71.0211403441,2,,
19964,14-114572,2014-12-27 01:07:33,Multiple Gunshots,58 E Nilsson St,42.0683648766,-71.0150990064,2,,
19947,,2014-12-24 00:16:50,Multiple Gunshots,57 Waverly St,42.0907264626,-71.0214372245,3,,
19942,,2014-12-21 04:20:22,Single Gunshot,458 Main St,42.0762312923,-71.0194601609,1,,
19940,,2014-12-20 18:37:52,Single Gunshot,115 Legion Pkwy,42.0842907859,-71.0223747711,1,,
19934,14-107569,2014-12-06 01:08:44,Multiple Gunshots,22 Williams Pl,42.073859047,-71.0191726334,9,,
19929,,2014-11-23 05:08:42,Multiple Gunshots,1123 Montello St,42.0628379534,-71.0137960671,10,,
19928,,2014-11-17 00:56:34,Multiple Gunshots,10 Franklin St,42.0852590243,-71.0196552718,9,,
19920,,2014-11-16 03:19:12,Single Gunshot,572 Montello St,42.0739590799,-71.016948824,1,,
19895,,2014-11-01 03:20:31,Multiple Gunshots,4 Foster St,42.0735746242,-71.0215487403,6,,
19893,,2014-10-28 20:30:25,Possible Gunfire,9 King Ave,42.0980638071,-71.0179347276,2,,
19891,,2014-10-26 23:30:13,Multiple Gunshots,96 Park St,42.0772749539,-71.0220143164,4,,
19888,,2014-10-25 22:45:11,Single Gunshot,Market St & Rutland Sq,42.0627464701,-71.0165801877,1,,
19886,,2014-10-24 19:32:21,Multiple Gunshots,467 Warren Ave,42.0761422133,-71.0220670778,2,,
19884,,2014-10-20 00:43:01,Single Gunshot,50 Walnut St,42.0883430563,-71.0236389919,1,,
19875,,2014-10-12 22:49:03,Possible Gunfire,19 Hervey St,42.0743315031,-71.020034598,1,,
19851,,2014-09-19 23:08:38,Multiple Gunshots,54 Exchange St,42.0757547426,-71.0181055043,8,,
19850,,2014-09-18 02:50:32,Single Gunshot,75 E Main St,42.0985988839,-71.0190822907,1,,
19843,,2014-09-07 22:13:37,Multiple Gunshots,12 1st St,42.0694557532,-71.0225066544,6,,
19842,,2014-09-07 22:13:33,Multiple Gunshots,105 Nilsson St,42.0672304058,-71.0215717869,5,,
19841,,2014-09-07 14:27:04,Single Gunshot,591 N Montello St,42.0982320643,-71.017405256,1,,
19837,,2014-09-07 03:12:56,Multiple Gunshots,1118 Main St,42.0632108426,-71.0153295289,8,,
19822,,2014-09-06 13:23:22,Multiple Gunshots,25 Fuller St,42.0783857766,-71.0251532491,2,,
19821,,2014-09-06 13:23:13,Multiple Gunshots,42 Fuller St,42.0777626477,-71.0250360977,4,,
19819,,2014-09-04 02:33:16,Multiple Gunshots,20 Central Sq,42.0738432423,-71.0202195778,7,,
19776,,2014-08-20 01:36:44,Single Gunshot,28 Somerset Pl,42.0762456822,-71.0190377374,1,,
19739,14-66136,2014-08-11 00:32:12,Multiple Gunshots,467 Warren Ave,42.0761605946,-71.0219259825,8,,
19738,14-66136,2014-08-11 00:27:54,Multiple Gunshots,Lee Ct,42.0675154056,-71.0154802002,5,,
19737,14-66136,2014-08-11 00:27:50,Multiple Gunshots,17 Pinkham St,42.0654063384,-71.0154321262,3,,
19736,14-66136,2014-08-11 00:27:47,Multiple Gunshots,924 Montello St,42.0669060473,-71.0145838138,2,,
19735,14-66136,2014-08-11 00:27:39,Multiple Gunshots,948 Montello St,42.0662984201,-71.0144833541,10,,
19722,,2014-08-10 04:10:24,Multiple Gunshots,482 Warren Ave,42.0760009717,-71.0218177234,10,,
19713,,2014-08-09 02:54:49,Multiple Gunshots,32 Winthrop St,42.0762692245,-71.0211100281,6,,
19709,,2014-08-08 23:12:01,Multiple Gunshots,59 Denton St,42.0673831785,-71.0179441761,5,,
19698,,2014-08-06 22:30:03,Multiple Gunshots,115 Spring St,42.0863523865,-71.0248737025,2,,
19550,,2014-07-22 00:46:22,Multiple Gunshots,129 Green St,42.0846104892,-71.0237830045,11,,
19419,14-56637,2014-07-15 01:53:37,Single Gunshot,624 Montello St,42.0730847486,-71.0163728839,1,,
19379,,2014-07-12 21:34:54,Single Gunshot,139 Dover St,42.0745974208,-71.025728299,1,,
19377,,2014-07-12 21:34:33,Single Gunshot,143 Dover St,42.0745424754,-71.025885165,1,,
19360,,2014-07-12 20:52:55,Single Gunshot,68 Cushing Ave,42.0554132458,-71.0203536971,1,,
19290,,2014-07-10 04:43:56,Multiple Gunshots,Goddard Rd & Ellsworth Ave,42.0832289427,-71.0241417599,3,,
17313,,2014-07-01 01:35:36,Single Gunshot,991 Main St,42.0655400674,-71.0166256653,1,,
17262,,2014-06-29 01:21:33,Multiple Gunshots,98 French Ave,42.0646983756,-71.0202456102,9,,
17247,,2014-06-29 00:03:55,Possible Gunfire,126 Belmont St,42.0793706081,-71.0235491781,4,,
17150,,2014-06-28 02:28:11,Multiple Gunshots,823 Warren Ave,42.0688407632,-71.0206755742,3,,
17149,,2014-06-28 02:27:59,Single Gunshot,664 Warren Ave,42.0721271763,-71.021073367,1,,
17051,14-51036,2014-06-27 04:03:50,Single Gunshot,6 Annis Ave,42.0977272523,-71.0199827331,1,,
17048,14-51032,2014-06-27 02:45:37,Single Gunshot,583 N Main St,42.0977751012,-71.0196855943,1,,
17046,14-51015,2014-06-27 00:23:20,Multiple Gunshots,38 Wyman St,42.0890292502,-71.0209959125,8,,
16974,,2014-06-22 02:13:14,Multiple Gunshots,17 Nilsson St,42.0678026312,-71.0178222098,3,,
16935,14-49288,2014-06-21 05:42:27,Single Gunshot,536 N Main St,42.0965911719,-71.0194811966,1,,
16934,14-49287,2014-06-21 05:40:52,Single Gunshot,97 N Main St,42.087239786,-71.019359822,1,,
16932,14-49281,2014-06-21 04:14:03,Single Gunshot,93 Appleton St,42.0914796619,-71.0226761594,1,,
16922,,2014-06-20 05:42:04,Single Gunshot,16 Prospect St,42.0912454344,-71.0200523043,1,,
16921,,2014-06-20 05:41:44,Single Gunshot,145 N Main St,42.0883087303,-71.0189317442,1,,
16919,,2014-06-20 01:37:44,Single Gunshot,814 Main St,42.0694088251,-71.0172290219,1,,
16917,,2014-06-19 23:32:41,Multiple Gunshots,78 Turner St,42.0905688891,-71.0219722749,2,,
16901,,2014-06-16 10:41:58,Single Gunshot,70 Wyman St,42.0890376118,-71.0223683832,1,,
16824,,2014-06-14 05:18:20,Single Gunshot,87 Rosseter St,42.0897610927,-71.0190852212,1,,
16823,,2014-06-14 05:14:04,Possible Gunfire,4 Hancock St,42.0712788431,-71.0181951883,1,,
16812,14-46848,2014-06-13 05:35:27,Single Gunshot,99 N Main St,42.0872988752,-71.019483924,1,,
16809,14-46484,2014-06-11 19:44:54,Single Gunshot,49 Allen St,42.0783001276,-71.0179773645,1,,
16808,14-46484,2014-06-11 19:43:32,Single Gunshot,84 Bolton Pl,42.0785188999,-71.0181087794,1,,
16803,,2014-06-09 03:36:54,Single Gunshot,27 Nilsson St,42.0678144786,-71.0181934207,1,,
16802,,2014-06-09 03:28:43,Multiple Gunshots,79 Prospect St,42.0916644775,-71.0228195519,3,,
16801,,2014-06-09 00:46:54,Multiple Gunshots,144 W Chestnut St,42.0629041245,-71.0218844035,2,,
16786,14-45291,2014-06-08 01:42:57,Single Gunshot,Myrtle St & 2nd St,42.0702954784,-71.0242199326,1,,
16721,14-45017,2014-06-07 07:07:45,Single Gunshot,15 Waverly St,42.0908704071,-71.0200639844,1,,
16720,14-45017,2014-06-07 07:07:14,Single Gunshot,N Main St,42.086290678,-71.0194353272,1,,
16719,14-45005,2014-06-07 04:13:44,Single Gunshot,70 N Warren Ave,42.0872153674,-71.02414708,1,,
16706,14-43712,2014-06-03 05:38:15,Single Gunshot,341 N Main St,42.0927685623,-71.0190160649,1,,
16689,14-42850,2014-05-31 05:36:13,Single Gunshot,25 Green St,42.0850908939,-71.0205882101,1,,
16682,,2014-05-29 05:36:17,Single Gunshot,100 N Main St,42.0878250078,-71.0194424172,1,,
16640,,2014-05-21 05:11:53,Single Gunshot,110 Wyman St,42.0888719772,-71.0236139763,1,,
16639,,2014-05-21 01:22:06,Multiple Gunshots,90 Fuller St,42.0763730469,-71.024939379,2,,
16638,14-39285,2014-05-19 05:35:33,Single Gunshot,60 N Main St,42.0869838287,-71.0196640577,1,,
16627,,2014-05-17 00:53:31,Single Gunshot,Glenwood St & Pleasant St,42.0870308247,-71.0259499833,1,,
16621,14-37152,2014-05-12 01:06:09,Single Gunshot,114 Harvard St,42.0752337534,-71.0229848296,1,,
16620,14-37130,2014-05-11 22:39:00,Single Gunshot,169 Green St,42.0845753152,-71.025483611,1,,
16597,14-34475,2014-05-03 02:15:37,Single Gunshot,112 Laureston St,42.0686619549,-71.018855322,1,,
16568,,2014-04-17 00:18:36,Single Gunshot,90 Pleasant St,42.0856064197,-71.0227766185,1,,
16564,,2014-04-13 03:55:04,Multiple Gunshots,70 Turner St,42.0902399585,-71.02196773,8,,
16563,,2014-04-12 05:20:09,Single Gunshot,66 Wyman St,42.0890384011,-71.0222476806,1,,
16562,,2014-04-12 05:19:59,Single Gunshot,35 Turner St,42.0891564453,-71.0219012608,1,,
16560,14-28157,2014-04-11 01:28:14,Multiple Gunshots,3 Fitzpatrick Ave,42.0944741877,-71.0278273137,2,,
16552,,2014-03-23 03:15:29,Multiple Gunshots,74 Moreland St,42.084763367,-71.0275885383,3,,
16547,14-21263,2014-03-18 22:16:54,Possible Gunfire,3 Father Kenney Way,42.0786819891,-71.0201000375,1,,
16540,,2014-03-16 00:31:21,Multiple Gunshots,87 Florence St,42.0716423338,-71.0233228228,10,,
16531,,2014-03-07 13:17:03,Possible Gunfire,419 N Main St,42.09413655,-71.0192907715,1,,
16530,14-17026,2014-03-03 20:43:20,Multiple Gunshots,54 Florence St,42.0719971854,-71.0212339812,6,,
16526,,2014-02-27 20:37:09,Single Gunshot,Lalli Terrace,42.0904597526,-71.0296102165,1,,
16523,14-14286,2014-02-21 23:14:55,Multiple Gunshots,90 Florence St,42.0715088267,-71.0234767354,3,,
16517,14-12406,2014-02-15 02:23:52,Single Gunshot,162 Winthrop St,42.0755799139,-71.0268398475,1,,
16515,14-12405,2014-02-15 02:18:27,Single Gunshot,85 Cherry St,42.0945369115,-71.0251444048,1,,
16501,,2014-02-04 14:27:46,Possible Gunfire, ,42.0778466069,-71.0251810392,1,,
16500,14-9117,2014-02-03 00:56:47,Multiple Gunshots,22 Appleton St,42.0895632104,-71.0227945273,5,,
16495,14-9052,2014-02-02 18:07:42,Possible Gunfire,77 Bartlett St,42.0781815676,-71.0238663341,2,,
16492,,2014-02-02 05:12:33,Multiple Gunshots,3 Winthrop St,42.0766695879,-71.0197330542,2,,
16490,,2014-01-31 21:21:29,Multiple Gunshots,23 Walnut St,42.0873174122,-71.0227496486,9,,
16486,,2014-01-25 20:44:23,Single Gunshot,39 Farrington St,42.0924051732,-71.0215279869,1,,
16485,,2014-01-25 20:36:51,Single Gunshot,16 Wayland St,42.0923232175,-71.0224788127,1,,
16484,,2014-01-25 20:13:23,Possible Gunfire,56 Crowell St,42.0883214243,-71.0225597878,1,,
16482,14-5080,2014-01-18 21:58:04,Multiple Gunshots,38 Walnut St,42.0880233807,-71.0234371809,6,,
16478,,2014-01-18 01:43:54,Single Gunshot,178 Main St,42.0817190117,-71.0200265973,2,,
16477,14-3910,2014-01-14 20:21:10,Multiple Gunshots,13 Hereford St,42.0857072415,-71.021913033,4,,
16475,14-3438,2014-01-12 21:48:42,Single Gunshot,105 Pleasant St,42.0858195059,-71.0228894396,1,,
16471,,2014-01-06 23:49:55,Multiple Gunshots,66 Winthrop St,42.0762954249,-71.0227710494,5,,
16470,,2014-01-05 22:06:55,Multiple Gunshots,79 Brook St,42.0761188249,-71.027872567,5,,
16467,,2014-01-05 00:59:58,Single Gunshot,168 Newbury St,42.0813978167,-71.0262046342,1,,
16466,,2014-01-05 00:59:18,Single Gunshot,87 Fuller St,42.076473495,-71.0251222185,1,,
16465,,2014-01-05 00:59:09,Single Gunshot,97 Fuller St,42.0761308003,-71.0250408738,1,,
16449,,2014-01-01 00:09:19,Single Gunshot,32 Greenwood Rd,42.0570706805,-71.0142999617,1,,
16443,14-4,2014-01-01 00:00:27,Single Gunshot,96 Battles St,42.0971997715,-71.0239253596,1,,
16442,14-3,2014-01-01 00:00:07,Multiple Gunshots,35 Fairmount Ave,42.0957830256,-71.0225855031,10,,
16416,,2013-12-20 01:20:41,Multiple Gunshots,21 Harvard St,42.0758114959,-71.0206739004,2,,
16407,13-95080,2013-12-08 04:32:08,Single Gunshot,10 Wayland St,42.0920180821,-71.0225213891,1,,
16399,13-94155,2013-12-05 00:00:11,Multiple Gunshots,107 Green St,42.0846118069,-71.023038614,8,,
16398,13-93885,2013-12-04 05:37:36,Single Gunshot,45 N Main St,42.0864858872,-71.0195401569,1,,
16366,13-89109,2013-11-16 01:27:39,Single Gunshot,151 Green St,42.0848823258,-71.0247680595,1,,
16354,,2013-11-13 00:13:49,Multiple Gunshots,29 Hillberg Ave,42.0664765899,-71.0212930149,3,,
16352,,2013-11-11 18:43:37,Possible Gunfire,12 Warren Ave,42.0856906864,-71.0233448671,1,,
16350,13-87866,2013-11-11 17:50:16,Multiple Gunshots,119 Walnut St,42.0903228534,-71.0237939822,3,,
16347,13-87498,2013-11-10 01:36:33,Multiple Gunshots,62 Grand St,42.0689627838,-71.0163471721,3,,
16344,,2013-11-08 01:59:54,Single Gunshot,203 N Warren Ave,42.0898526326,-71.0248468517,1,,
16339,13-86236,2013-11-05 20:37:22,Multiple Gunshots,Washburn Ave,42.0907198919,-71.0184848001,3,,
16336,,2013-11-02 20:03:07,Multiple Gunshots,107 Pleasant St,42.0858945921,-71.0229101945,4,,
16330,,2013-11-01 14:06:15,Possible Gunfire,99 French Ave,42.0644764589,-71.020744543,2,,
16314,13-83228,2013-10-26 02:47:18,Multiple Gunshots,123 Huntington St,42.093056276,-71.0246696119,2,,
16304,,2013-10-18 23:36:29,Multiple Gunshots,35 Warren Ave,42.0849946283,-71.0235345923,6,,
16294,,2013-10-15 20:19:05,Single Gunshot,N Warren Ave,42.0864744983,-71.0237268382,1,,
16289,,2013-10-13 00:53:34,Multiple Gunshots,156 Walnut St,42.0908023886,-71.0244196857,3,,
16288,,2013-10-13 00:52:51,Multiple Gunshots,196 N Warren Ave,42.0896566361,-71.0250607776,2,,
16286,13-79068,2013-10-10 21:30:33,Multiple Gunshots,43 Owens Ave,42.0722354832,-71.0175875138,3,,
16285,,2013-10-09 23:20:16,Multiple Gunshots,Brides Ct,42.0879568279,-71.0257650573,3,,
16284,,2013-10-09 00:17:20,Multiple Gunshots,Loucraft Ave,42.089376394,-71.0267648684,6,,
16276,,2013-10-04 20:57:35,Single Gunshot,95 Milton St,42.0913015014,-71.0265351921,1,,
16272,,2013-10-04 02:28:02,Multiple Gunshots,10 Irvington St,42.0579668325,-71.0158548726,4,,
16269,,2013-10-02 22:37:33,Single Gunshot,173 Walnut St,42.0912374084,-71.024090015,1,,
16260,13-75914,2013-09-30 01:09:15,Multiple Gunshots,36 Grand St,42.0689722629,-71.016891505,6,,
16258,13-75888,2013-09-29 21:59:29,Multiple Gunshots,132 Walnut St,42.0904220924,-71.0242159761,12,,
16254,,2013-09-28 22:47:45,Multiple Gunshots,61 Appleton St,42.0906335366,-71.0225755017,7,,
16252,,2013-09-28 05:23:10,Single Gunshot,Golden Circle,42.0870399285,-71.0251704986,1,,
16251,,2013-09-28 01:49:18,Multiple Gunshots,18 Maple Ave,42.0810026481,-71.0184004873,7,,
16237,13-73709,2013-09-22 08:19:50,Possible Gunfire,6 Farrington St,42.0922936212,-71.0195285191,1,,
16233,,2013-09-21 21:10:23,Single Gunshot,24 Glenwood Sq,42.0858334243,-71.024820604,1,,
16231,,2013-09-20 16:41:25,Single Gunshot,77 Bolton Pl,42.0786347971,-71.0183304439,1,,
16227,13-72366,2013-09-18 00:08:31,Multiple Gunshots,8 Nye Sq,42.08611958,-71.0279166756,5,,
16213,,2013-09-14 00:13:10,Single Gunshot,35 Ford St,42.0944835442,-71.021152222,2,,
16202,,2013-09-09 21:43:21,Possible Gunfire,387 N Warren Ave,42.093622732,-71.0259752212,2,,
16199,,2013-09-09 01:50:36,Single Gunshot,15 Track St,42.0731197749,-71.0222871676,1,,
16197,,2013-09-08 23:04:54,Single Gunshot,37 Moreland St,42.0851850936,-71.0280719876,1,,
16188,13-69340,2013-09-07 15:29:57,Possible Gunfire,77 Sheppard St,42.0694923016,-71.0203869333,2,,
16184,13-68920,2013-09-06 04:57:03,Single Gunshot,8 Hervey St,42.0741632937,-71.019477176,1,,
16183,13-68913,2013-09-06 02:12:19,Multiple Gunshots,67 Denton St,42.0671936744,-71.0177241489,7,,
16182,13-68913,2013-09-06 02:12:19,Multiple Gunshots,E Chestnut St & Northfield St,42.0642401288,-71.0148336158,10,,
16181,13-68913,2013-09-06 02:12:13,Multiple Gunshots,85 Tribou St,42.0687794419,-71.021419196,9,,
16180,13-68909,2013-09-06 01:18:18,Single Gunshot,80 Appleton St,42.0911627318,-71.0229985399,1,,
16179,13-68847,2013-09-05 20:14:50,Multiple Gunshots,29 Glenwood Sq,42.0857811252,-71.0251568258,4,,
16168,,2013-09-04 01:51:09,Single Gunshot, ,42.0850967762,-71.023756951,1,,
16149,,2013-08-31 19:53:17,Possible Gunfire,91 Auburn St,42.060529809,-71.0081179279,1,,
16132,,2013-08-29 18:23:26,Single Gunshot,49 Elliot St,42.0904082796,-71.0169971587,2,,
16131,,2013-08-29 18:23:19,Multiple Gunshots,26 Elliot St,42.0906405856,-71.0177902873,3,,
16126,,2013-08-28 00:57:35,Multiple Gunshots,8 Petronelli Way,42.0848893729,-71.0196989974,8,,
16124,,2013-08-27 01:33:01,Single Gunshot,142 Green St,42.0843932138,-71.0238510729,1,,
16093,13-65637,2013-08-25 06:35:57,Single Gunshot,873 Warren Ave,42.0677582289,-71.0203885433,1,,
16087,,2013-08-23 19:13:31,Possible Gunfire,28 Union St,42.0738664041,-71.0184577893,3,,
16079,,2013-08-21 20:41:37,Multiple Gunshots,35 David St,42.0707677971,-71.0198957197,7,,
16078,,2013-08-21 20:33:23,Possible Gunfire,18 Union St,42.0738046175,-71.0186547155,6,,
16045,13-63882,2013-08-18 21:23:53,Multiple Gunshots,283 N Warren Ave,42.0917767909,-71.0255046371,4,,
16039,,2013-08-18 11:51:18,Multiple Gunshots,525 Warren Ave,42.0751009699,-71.0219802494,7,,
16038,,2013-08-18 03:24:13,Multiple Gunshots,165 Tribou St,42.067250405,-71.024531116,3,,
16037,,2013-08-18 01:14:46,Multiple Gunshots,32 Sheppard St,42.0696383025,-71.0189529968,16,,
16032,,2013-08-17 04:08:10,Multiple Gunshots,340 N Main St,42.0925739621,-71.0195216778,7,,
16008,13-62986,2013-08-15 17:34:36,Multiple Gunshots,21 Neal St,42.0973168932,-71.0221096142,2,,
16007,,2013-08-13 22:51:35,Multiple Gunshots,842 Warren Ave,42.068424713,-71.0204402744,4,,
15992,13-61883,2013-08-11 21:12:54,Single Gunshot,28 E Market St,42.0628078376,-71.0141398696,1,,
15981,,2013-08-11 15:16:26,Possible Gunfire,10 Ellsworth Ave,42.0829421631,-71.0247706587,1,,
15959,,2013-08-10 07:02:14,Single Gunshot,122 Newbury St,42.0825218087,-71.025881273,1,,
15953,,2013-08-07 18:02:54,Multiple Gunshots,592 Main St,42.0735579749,-71.0187853105,3,,
15937,,2013-08-04 20:16:36,Multiple Gunshots,11 Packard Way,42.0715475351,-71.0216233848,5,,
15865,,2013-08-02 02:59:12,Single Gunshot,62 Exchange St,42.07581149,-71.0179245406,1,,
15831,,2013-07-27 22:51:03,Multiple Gunshots,773 Montello St,42.069800152,-71.0158309165,3,,
15817,,2013-07-27 04:36:09,Single Gunshot,25 Turner St,42.0888436629,-71.0218516919,1,,
15816,,2013-07-27 04:36:04,Multiple Gunshots,63 Wyman St,42.0891680472,-71.0223959569,4,,
15815,,2013-07-27 04:36:02,Multiple Gunshots,27 Farrington St,42.0923759793,-71.0208207446,4,,
15814,,2013-07-27 04:36:00,Multiple Gunshots,87 Haverhill St,42.0878923263,-71.0226710639,5,,
15813,,2013-07-27 01:43:47,Single Gunshot,28 Field St,42.1052744348,-71.0236631029,1,,
15812,,2013-07-27 00:48:23,Multiple Gunshots,22 Glenwood St,42.085706414,-71.026070059,9,,
15807,,2013-07-24 22:51:28,Multiple Gunshots,43 Nilsson St,42.0676497134,-71.0188859236,3,,
15744,,2013-07-21 05:08:31,Single Gunshot,124 Prospect St,42.0915139473,-71.0254529693,1,,
15739,,2013-07-21 01:40:33,Multiple Gunshots,36 Harvard St,42.0757151482,-71.0207880807,2,,
15706,,2013-07-19 19:29:25,Possible Gunfire,86 N Warren Ave,42.0874645928,-71.0245086968,2,,
15641,13-53960,2013-07-14 02:38:50,Multiple Gunshots,40 Crowell St,42.0883570058,-71.0223600598,3,,
15632,,2013-07-14 00:54:08,Single Gunshot,30 Sheppard St,42.0695994292,-71.0187186936,1,,
15385,,2013-07-07 00:22:06,Single Gunshot,73 Exchange St,42.0756460248,-71.017661947,1,,
15297,13-52016,2013-07-06 20:51:38,Multiple Gunshots,38 2nd St,42.0696102297,-71.0236122475,3,,
14934,,2013-07-04 23:20:45,Single Gunshot,129 Walnut St,42.0905595867,-71.023683504,1,,
14931,,2013-07-04 23:19:42,Single Gunshot,86 Spring St,42.0863597275,-71.0233498914,1,,
14930,,2013-07-04 23:19:01,Multiple Gunshots,84 Spring St,42.0864389513,-71.0232787781,6,,
14929,,2013-07-04 23:18:52,Single Gunshot,45 Nilsson St,42.0676995454,-71.0189333069,1,,
14927,,2013-07-04 23:17:47,Single Gunshot,29 Tremont St,42.0647389292,-71.0175635668,1,,
14924,,2013-07-04 23:15:54,Multiple Gunshots,87 Tremont St,42.0643591305,-71.0198168872,8,,
14921,,2013-07-04 23:14:26,Possible Gunfire,72 Spring St,42.08647465,-71.0228281547,1,,
14920,,2013-07-04 23:14:10,Multiple Gunshots,76 Spring St,42.0863907784,-71.0229877728,2,,
14918,,2013-07-04 23:13:04,Multiple Gunshots,137 Walnut St,42.0906649273,-71.0238133356,3,,
14917,,2013-07-04 23:12:38,Single Gunshot,74 Spring St,42.08635466,-71.0229113993,1,,
14914,,2013-07-04 23:10:42,Single Gunshot,74 Spring St,42.0864375798,-71.0229396155,1,,
14913,,2013-07-04 23:10:30,Single Gunshot, ,42.1042047474,-71.0234065373,1,,
14911,,2013-07-04 23:10:05,Single Gunshot,67 Essex St,42.0650477983,-71.0177442608,1,,
14908,,2013-07-04 23:09:27,Multiple Gunshots,74 Spring St,42.0864002038,-71.0228733717,5,,
14907,,2013-07-04 23:09:13,Multiple Gunshots,74 Spring St,42.0864042494,-71.0228896268,4,,
14903,,2013-07-04 23:07:57,Single Gunshot,72 Spring St,42.0863686038,-71.0228436827,1,,
14900,,2013-07-04 23:07:25,Single Gunshot,131 Walnut St,42.0905856849,-71.0237309643,1,,
14895,,2013-07-04 23:06:32,Multiple Gunshots,21 Tremont St,42.0647809204,-71.0172067611,9,,
14894,,2013-07-04 23:06:18,Multiple Gunshots,16 Walnut St,42.0870557299,-71.0228283967,4,,
14890,,2013-07-04 23:06:00,Single Gunshot,76 Spring St,42.0863902527,-71.0229683253,1,,
14885,,2013-07-04 23:01:21,Single Gunshot,135 Walnut St,42.0906819314,-71.0236935783,1,,
14884,,2013-07-04 23:00:12,Multiple Gunshots,78 Tremont St,42.0642980556,-71.0196228456,6,,
14882,,2013-07-04 22:59:54,Single Gunshot,29 Tremont St,42.0647141016,-71.0174820274,1,,
14881,,2013-07-04 22:59:37,Single Gunshot,93 Essex St,42.0647672777,-71.0175121788,1,,
14877,,2013-07-04 22:55:47,Single Gunshot,94 Essex St,42.0647638171,-71.0173879905,1,,
14875,,2013-07-04 22:53:17,Single Gunshot,19 Foster St,42.0739651954,-71.0222512193,1,,
14873,,2013-07-04 22:49:27,Single Gunshot,91 Essex St,42.0647718075,-71.0175718926,1,,
14871,,2013-07-04 22:45:55,Multiple Gunshots,10 Lowell St,42.0951986368,-71.0229046718,8,,
14870,,2013-07-04 22:45:28,Single Gunshot,107 Tremont St,42.0642750714,-71.0204039219,1,,
14869,,2013-07-04 22:44:58,Single Gunshot,89 Essex St,42.0647973436,-71.0176057378,1,,
14868,,2013-07-04 22:44:40,Single Gunshot,17 Foster St,42.0739660272,-71.0222232689,1,,
14857,,2013-07-04 22:39:59,Single Gunshot,32 Wyman St,42.0889901071,-71.0207216414,1,,
14856,,2013-07-04 22:39:38,Multiple Gunshots,89 Tremont St,42.0643426835,-71.0198737684,6,,
14855,,2013-07-04 22:39:21,Multiple Gunshots,79 Tremont St,42.0643471346,-71.0196244344,13,,
14853,,2013-07-04 22:38:51,Single Gunshot,10 Lowell St,42.095192513,-71.0228861583,1,,
14851,,2013-07-04 22:38:32,Single Gunshot,30 Wyman St,42.0888631364,-71.0206423768,1,,
14850,,2013-07-04 22:38:14,Multiple Gunshots,19 Foster St,42.0739260021,-71.0222596548,8,,
14849,,2013-07-04 22:38:07,Single Gunshot,34 Wyman St,42.0888877566,-71.0207841318,1,,
14847,,2013-07-04 22:37:50,Possible Gunfire,16 Winthrop St,42.0763235923,-71.0202739646,1,,
14844,,2013-07-04 22:37:05,Multiple Gunshots,66 3rd St,42.0689086088,-71.024453467,4,,
14842,,2013-07-04 22:36:42,Multiple Gunshots,62 3rd St,42.0688737782,-71.0245743836,4,,
14841,,2013-07-04 22:36:28,Possible Gunfire,81 Tremont St,42.0643288105,-71.0196546762,1,,
14840,,2013-07-04 22:36:18,Single Gunshot,12 Lowell St,42.0951805362,-71.0230143486,1,,
14837,,2013-07-04 22:36:04,Single Gunshot,12 Lowell St,42.0952097685,-71.0229758124,1,,
14834,,2013-07-04 22:35:32,Multiple Gunshots,12 Lowell St,42.0951857159,-71.0229568441,4,,
14833,,2013-07-04 22:35:14,Multiple Gunshots,10 Lowell St,42.0951791952,-71.022949512,22,,
14832,,2013-07-04 22:34:58,Multiple Gunshots,10 Lowell St,42.095202154,-71.0229244902,16,,
14828,,2013-07-04 22:33:48,Single Gunshot,11 Hervey St,42.0743855575,-71.0196022321,1,,
14827,,2013-07-04 22:33:40,Single Gunshot,32 Wyman St,42.0889518138,-71.0206579148,1,,
14822,,2013-07-04 22:32:40,Single Gunshot,9 Hervey St,42.0744102226,-71.0195863988,1,,
14820,,2013-07-04 22:31:22,Multiple Gunshots,95 Tremont St,42.0643574171,-71.0200501385,2,,
14817,,2013-07-04 22:29:56,Single Gunshot,133 Walnut St,42.0906368667,-71.0237263173,1,,
14805,,2013-07-04 22:26:47,Multiple Gunshots,30 South St,42.0631149354,-71.0163345961,3,,
14802,,2013-07-04 22:25:34,Single Gunshot,93 Tremont St,42.0643142754,-71.0199835685,1,,
14801,,2013-07-04 22:25:23,Single Gunshot,1036 Warren Ave,42.0643701313,-71.0195617397,1,,
14792,,2013-07-04 22:23:49,Multiple Gunshots,87 Essex St,42.0648435768,-71.0175262361,2,,
14790,,2013-07-04 22:22:33,Single Gunshot,33 Hillberg Ave,42.0664754834,-71.0214890405,1,,
14788,,2013-07-04 22:22:15,Single Gunshot,33 Hillberg Ave,42.0664867123,-71.0215006273,1,,
14786,,2013-07-04 22:21:41,Single Gunshot,89 Essex St,42.0648159621,-71.0174734901,1,,
14782,,2013-07-04 22:21:08,Multiple Gunshots,73 Tremont St,42.0643958446,-71.0194565831,3,,
14781,,2013-07-04 22:20:06,Multiple Gunshots,20 W Park St,42.0768967311,-71.0229789293,3,,
14780,,2013-07-04 22:20:03,Multiple Gunshots,939 Montello St,42.0661909236,-71.0151476765,2,,
14779,,2013-07-04 22:19:58,Multiple Gunshots,12 Lowell St,42.0952208359,-71.0229614965,2,,
14778,,2013-07-04 22:19:41,Multiple Gunshots,25 W Park St,42.077055593,-71.0233099713,12,,
14777,,2013-07-04 22:19:23,Multiple Gunshots,23 W Park St,42.0770643402,-71.0232318134,9,,
14773,,2013-07-04 22:18:15,Multiple Gunshots,12 Lowell St,42.0952074117,-71.0230001601,23,,
14772,,2013-07-04 22:17:53,Multiple Gunshots,12 Lowell St,42.0951762618,-71.0229852621,12,,
14771,,2013-07-04 22:17:47,Multiple Gunshots,14 Lowell St,42.0950683185,-71.0230761361,3,,
14770,,2013-07-04 22:17:41,Single Gunshot,8 Lowell St,42.0951935816,-71.0228199716,1,,
14769,,2013-07-04 22:17:37,Possible Gunfire,Division St & Cherry St,42.0956698929,-71.0254611288,1,,
14768,,2013-07-04 22:17:27,Multiple Gunshots,12 Lowell St,42.0951049749,-71.0230183982,10,,
14767,,2013-07-04 22:17:19,Multiple Gunshots,12 Lowell St,42.0951801693,-71.0230088335,3,,
14765,,2013-07-04 22:17:09,Multiple Gunshots,12 Lowell St,42.095167612,-71.0229978676,3,,
14760,,2013-07-04 22:16:08,Multiple Gunshots,92 Essex St,42.0647755079,-71.0174299208,2,,
14759,,2013-07-04 22:15:45,Multiple Gunshots,1030 Warren Ave,42.0645233291,-71.0194573415,6,,
14758,,2013-07-04 22:15:26,Multiple Gunshots,1031 Warren Ave,42.0644118477,-71.0195862442,24,,
14757,,2013-07-04 22:15:23,Single Gunshot,1033 Warren Ave,42.0643917998,-71.0195831889,1,,
14756,,2013-07-04 22:15:20,Multiple Gunshots,1017 Warren Ave,42.0646822479,-71.0199879924,2,,
14753,,2013-07-04 22:14:39,Multiple Gunshots,83 Essex St,42.0648899732,-71.0174892853,7,,
14748,,2013-07-04 22:13:38,Multiple Gunshots,89 Essex St,42.0648359853,-71.0174759948,17,,
14746,,2013-07-04 22:13:14,Multiple Gunshots,60 3rd St,42.0688126965,-71.0247104632,3,,
14745,,2013-07-04 22:13:10,Multiple Gunshots,60 3rd St,42.0688217822,-71.0246993068,4,,
14744,,2013-07-04 22:12:55,Multiple Gunshots,31 Hillberg Ave,42.0664948749,-71.0214566808,3,,
14743,,2013-07-04 22:12:24,Multiple Gunshots,29 Hillberg Ave,42.0665266233,-71.0213488809,6,,
14742,,2013-07-04 22:12:16,Single Gunshot,29 Hillberg Ave,42.0665459627,-71.0213131891,1,,
14741,,2013-07-04 22:11:54,Multiple Gunshots,31 Hillberg Ave,42.0664645987,-71.0213988242,7,,
14739,,2013-07-04 22:11:07,Single Gunshot,16 Winthrop St,42.0762818008,-71.0203384015,1,,
14736,,2013-07-04 22:10:10,Multiple Gunshots,122 Laureston St,42.0681090496,-71.0192560429,5,,
14733,,2013-07-04 22:09:21,Multiple Gunshots,12 Lowell St,42.0951785764,-71.022984683,5,,
14732,,2013-07-04 22:09:06,Single Gunshot,16 Lowell St,42.0951225754,-71.023120618,1,,
14730,,2013-07-04 22:08:53,Multiple Gunshots,12 Lowell St,42.0951848007,-71.0229952601,7,,
14723,,2013-07-04 22:07:39,Single Gunshot,31 Hillberg Ave,42.0664627976,-71.0214272082,1,,
14718,,2013-07-04 22:05:47,Multiple Gunshots,91 Essex St,42.0647769309,-71.0175569658,2,,
14717,,2013-07-04 22:05:39,Single Gunshot,96 Laureston St,42.0690449668,-71.0195006931,1,,
14716,,2013-07-04 22:05:19,Multiple Gunshots,23 W Park St,42.0770063386,-71.0232751717,8,,
14714,,2013-07-04 22:04:49,Single Gunshot,33 Hillberg Ave,42.0664996668,-71.021575077,1,,
14713,,2013-07-04 22:04:37,Single Gunshot,941 Montello St,42.066144889,-71.0152396589,1,,
14710,,2013-07-04 22:04:03,Single Gunshot,939 Montello St,42.0662195936,-71.0151082138,1,,
14700,,2013-07-04 22:01:54,Multiple Gunshots,91 Laureston St,42.0690824406,-71.019663678,2,,
14699,,2013-07-04 22:01:44,Multiple Gunshots,29 Tremont St,42.0647298467,-71.0175172795,4,,
14692,,2013-07-04 22:01:04,Single Gunshot,549 Warren Ave,42.0745200133,-71.0216215426,1,,
14686,,2013-07-04 21:59:56,Multiple Gunshots,144 Forest Ave,42.0716585995,-71.0253864077,7,,
14683,,2013-07-04 21:59:25,Multiple Gunshots,89 Essex St,42.0647973602,-71.0175228971,5,,
14675,,2013-07-04 21:57:53,Multiple Gunshots,45 Tribou St,42.0688386058,-71.0199497005,2,,
14656,,2013-07-04 21:55:09,Multiple Gunshots,31 Hillberg Ave,42.0664619501,-71.0214002354,11,,
14653,,2013-07-04 21:54:25,Multiple Gunshots,Johnson Sq,42.074069398,-71.0230321204,4,,
14651,,2013-07-04 21:54:16,Single Gunshot,24 Bartlett St,42.0781389694,-71.0227110895,1,,
14645,,2013-07-04 21:52:50,Single Gunshot,113 Florence St,42.0716073689,-71.0254021172,1,,
14642,,2013-07-04 21:51:50,Single Gunshot,31 Hillberg Ave,42.0664933103,-71.0214332144,1,,
14640,,2013-07-04 21:51:21,Single Gunshot,34 French Ave,42.0667310163,-71.021106097,1,,
14638,,2013-07-04 21:50:57,Multiple Gunshots,31 Hillberg Ave,42.0664541197,-71.0214264571,3,,
14636,,2013-07-04 21:50:35,Single Gunshot,26 W Park St,42.0769538463,-71.0232866544,1,,
14635,,2013-07-04 21:50:04,Multiple Gunshots,Fuller St,42.0779582044,-71.0250951863,4,,
14630,,2013-07-04 21:48:45,Single Gunshot,Martin Pl,42.0732723653,-71.0181007676,1,,
14625,,2013-07-04 21:47:59,Multiple Gunshots,65 Fuller St,42.0771201684,-71.0250748067,3,,
14623,,2013-07-04 21:47:39,Single Gunshot,65 Fuller St,42.0770993675,-71.0250656908,1,,
14622,,2013-07-04 21:47:34,Multiple Gunshots,105 Nilsson St,42.0671529233,-71.021616871,3,,
14615,,2013-07-04 21:46:33,Single Gunshot,Martin Pl,42.0734354989,-71.0180837442,1,,
14614,,2013-07-04 21:46:27,Single Gunshot,105 Nilsson St,42.0672151534,-71.0215851978,1,,
14613,,2013-07-04 21:46:16,Multiple Gunshots,11 French Ave,42.0673395976,-71.0213456845,3,,
14611,,2013-07-04 21:45:50,Single Gunshot,Martin Pl,42.0733640577,-71.0181152936,1,,
14592,,2013-07-04 21:42:30,Multiple Gunshots,90 Essex St,42.0648195823,-71.017447037,4,,
14582,,2013-07-04 21:41:03,Multiple Gunshots,31 Hillberg Ave,42.066449954,-71.0214568125,3,,
14581,,2013-07-04 21:40:49,Multiple Gunshots,34 Hillberg Ave,42.0664243993,-71.0214699652,3,,
14570,,2013-07-04 21:26:53,Multiple Gunshots,21 W Park St,42.0770299943,-71.0231527861,3,,
14569,,2013-07-04 21:26:41,Multiple Gunshots,159 Ford St,42.0941665176,-71.025835446,5,,
14562,,2013-07-04 21:25:12,Multiple Gunshots,34 Hillberg Ave,42.0664311229,-71.0214760333,7,,
14561,,2013-07-04 21:24:51,Multiple Gunshots,109 Nilsson St,42.0670951421,-71.0217657016,5,,
14558,,2013-07-04 21:24:28,Single Gunshot,79 2nd St,42.0688723333,-71.0241662266,1,,
14557,,2013-07-04 21:24:12,Single Gunshot,3rd St & Custer St,42.0691295444,-71.0247746591,1,,
14549,,2013-07-04 21:22:40,Multiple Gunshots,109 Nilsson St,42.0671087461,-71.0217227541,4,,
14548,,2013-07-04 21:22:35,Single Gunshot,23 W Park St,42.0770839051,-71.0232354915,1,,
14546,,2013-07-04 21:22:17,Multiple Gunshots,77 French Ave,42.0651928448,-71.0208067374,2,,
14537,,2013-07-04 21:18:31,Single Gunshot,162 Ford St,42.094084923,-71.0259097218,1,,
14536,,2013-07-04 21:18:12,Multiple Gunshots,161 Ford St,42.0941245207,-71.025873465,11,,
14534,,2013-07-04 21:17:42,Single Gunshot,96 Martin Pl,42.0734403086,-71.0181398106,1,,
14533,,2013-07-04 21:17:25,Single Gunshot,78 Exchange St,42.0756888289,-71.0175016397,1,,
14530,,2013-07-04 21:17:00,Multiple Gunshots,28 W Park St,42.0769353927,-71.0234834872,4,,
14523,,2013-07-04 21:15:40,Multiple Gunshots,66 3rd St,42.0688744642,-71.0245222776,11,,
14521,,2013-07-04 21:15:06,Single Gunshot,58 3rd St,42.0689547627,-71.0244924805,1,,
14511,,2013-07-04 21:13:48,Multiple Gunshots,283 N Montello St,42.0917128412,-71.0170425346,3,,
14510,,2013-07-04 21:13:34,Multiple Gunshots,285 N Montello St,42.0917319357,-71.0170723451,3,,
14509,,2013-07-04 21:13:31,Single Gunshot,15 E Main St,42.0963530389,-71.0187038756,1,,
14498,,2013-07-04 21:12:02,Multiple Gunshots,39 Spring St,42.0867548584,-71.0215419625,3,,
14495,,2013-07-04 21:11:23,Multiple Gunshots,283 N Montello St,42.0916867658,-71.0172071391,2,,
14494,,2013-07-04 21:11:05,Multiple Gunshots,283 N Montello St,42.0916849731,-71.0168847733,15,,
14491,,2013-07-04 21:10:26,Single Gunshot,Loucraft Ave & N Warren Ave,42.0894631692,-71.0245753828,1,,
14483,,2013-07-04 21:01:36,Multiple Gunshots, ,42.0868279783,-71.0212468253,9,,
14471,,2013-07-04 20:57:22,Multiple Gunshots,24 W Park St,42.0769958556,-71.0232010888,2,,
14466,,2013-07-04 20:55:49,Single Gunshot,43 Spring St,42.0872030447,-71.0217851053,1,,
14463,,2013-07-04 20:55:25,Multiple Gunshots,4 Annis Ave,42.0977537555,-71.0198568911,2,,
14452,,2013-07-04 20:52:42,Multiple Gunshots,115 Florence St,42.0714496772,-71.0254499966,3,,
14448,,2013-07-04 20:51:05,Single Gunshot,28 Owens Ave,42.0724976618,-71.0174407292,1,,
14447,,2013-07-04 20:50:47,Single Gunshot,Keith Ave,42.0616884493,-71.0201652608,1,,
14437,,2013-07-04 20:47:48,Single Gunshot,Martin Pl,42.0734254194,-71.0181064257,1,,
14418,,2013-07-04 20:40:48,Multiple Gunshots,E Union St,42.0741151214,-71.0157364372,6,,
14231,,2013-07-04 01:41:03,Single Gunshot,55 Tremont St,42.0645096588,-71.0186291815,1,,
14162,,2013-07-03 23:51:08,Single Gunshot,54 D St,42.0608328361,-71.0084420439,1,,
14155,,2013-07-03 23:40:06,Single Gunshot,52 Somerset Pl,42.0762952945,-71.0186236197,1,,
14145,,2013-07-03 23:21:22,Single Gunshot,Golden Circle,42.0870580546,-71.0250291032,1,,
14141,,2013-07-03 23:18:53,Multiple Gunshots,Golden Circle,42.0870425048,-71.0250973336,10,,
14140,,2013-07-03 23:18:37,Multiple Gunshots,Golden Circle,42.0870431812,-71.0251070591,11,,
14134,,2013-07-03 23:09:54,Single Gunshot,93 Lowell St,42.0950280975,-71.0265671773,1,,
14122,,2013-07-03 22:27:54,Single Gunshot,10 Loucraft Ave,42.0893872509,-71.0248919985,1,,
14118,,2013-07-03 22:21:03,Single Gunshot,7 Loucraft Ave,42.0894374502,-71.0248697806,1,,
14061,,2013-07-03 21:40:16,Single Gunshot,52 3rd St,42.0689824279,-71.0245403658,1,,
14059,,2013-07-03 21:39:27,Single Gunshot,64 3rd St,42.0688121041,-71.0246484641,1,,
14053,,2013-07-03 21:35:42,Possible Gunfire,60 3rd St,42.0689237036,-71.0245310232,1,,
14051,,2013-07-03 21:35:07,Single Gunshot,52 3rd St,42.0690405464,-71.0244435546,1,,
14010,,2013-07-02 23:05:20,Single Gunshot,85 White Ave,42.0794249518,-71.0175655922,1,,
13951,,2013-07-02 20:48:00,Multiple Gunshots,Martin Pl,42.0734836681,-71.017696717,5,,
13802,,2013-06-30 04:27:02,Single Gunshot,20 W Park St,42.0768084735,-71.0229733913,1,,
13747,,2013-06-28 21:30:56,Single Gunshot,79 Essex St,42.0649487053,-71.0174970794,1,,
13704,13-49413,2013-06-27 17:26:36,Multiple Gunshots,70 Elliot St,42.0907017512,-71.0160597021,2,,
13691,13-49048,2013-06-26 11:30:31,Possible Gunfire,26 Johnson Sq,42.0742462093,-71.0229634185,8,,
13676,13-48398,2013-06-23 23:10:57,Multiple Gunshots,69 Harvard St,42.0758585537,-71.0224011808,5,,
13675,13-48398,2013-06-23 23:10:48,Multiple Gunshots,76 Harvard St,42.0755094203,-71.022099678,1,,
13674,13-48391,2013-06-23 22:59:24,Multiple Gunshots,5 Fitzpatrick Ave,42.0943972567,-71.0279425125,6,,
13619,,2013-06-22 00:10:00,Multiple Gunshots,Milton St,42.0912887826,-71.026714444,4,,
13617,,2013-06-21 22:58:33,Single Gunshot,Wilmington St & Pleasant View Ave,42.105831791,-71.0235681218,1,,
13607,,2013-06-19 20:07:55,Multiple Gunshots,60 Wilmington St,42.1060376574,-71.0232879352,10,,
13606,,2013-06-19 20:07:51,Multiple Gunshots,17 Field St,42.1044939604,-71.0236285904,3,,
13601,,2013-06-18 02:44:15,Multiple Gunshots,Foster St & Warren Ave,42.0736333511,-71.0212823443,5,,
13600,,2013-06-18 02:44:02,Single Gunshot,62 Hervey St,42.074033837,-71.0209024372,1,,
13599,,2013-06-18 02:43:51,Multiple Gunshots,687 Main St,42.0715222871,-71.0185646967,8,,
13589,,2013-06-16 21:10:52,Possible Gunfire,68 Somerset Pl,42.0762883636,-71.0183509777,3,,
13588,,2013-06-16 21:10:47,Multiple Gunshots,68 Somerset Pl,42.0762753266,-71.0183450651,3,,
13573,13-46284,2013-06-16 09:38:11,Multiple Gunshots,249 Pleasant St,42.0870705642,-71.0288807166,3,,
13572,,2013-06-16 02:47:13,Multiple Gunshots,92 Milton St,42.0911691676,-71.02674551,1,,
13571,,2013-06-16 00:55:17,Multiple Gunshots,65 Richmond St,42.0966899033,-71.024780205,2,,
13570,,2013-06-16 00:43:24,Multiple Gunshots,1068 Warren Ave,42.0637335725,-71.0191698762,4,,
13525,,2013-06-09 22:50:38,Single Gunshot, ,42.0844586495,-71.0289358867,1,,
13488,,2013-06-04 05:56:15,Single Gunshot,24 W Ashland St,42.0935969254,-71.0205127472,1,,
13485,,2013-06-03 03:09:39,Single Gunshot,32 Winthrop St,42.0762737998,-71.0211971157,1,,
13480,,2013-06-01 22:06:32,Multiple Gunshots,572 N Main St,42.0974822613,-71.0199333862,2,,
13471,,2013-05-28 21:30:53,Multiple Gunshots,104 Laureston St,42.0688242364,-71.0193211199,7,,
13312,,2013-05-27 01:23:05,Multiple Gunshots,726 Warren Ave,42.0707978431,-71.0207473247,2,,
13309,,2013-05-26 05:13:44,Single Gunshot,131 Green St,42.0845139307,-71.0238890491,1,,
13306,,2013-05-25 01:28:45,Single Gunshot,574 N Main St,42.0975168702,-71.0198850008,1,,
13304,,2013-05-21 21:58:35,Single Gunshot,127 Battles St,42.0975988446,-71.0252492447,1,,
13300,,2013-05-20 15:46:06,Multiple Gunshots,51 Warren Ave,42.0845783168,-71.0232556408,5,,
13295,,2013-05-18 22:34:30,Single Gunshot,85 Lowell St,42.0950090757,-71.0261818494,1,,
13281,,2013-05-09 22:35:52,Multiple Gunshots,137 Green St,42.0849670813,-71.024132978,5,,
13267,,2013-05-04 03:22:38,Single Gunshot,27 Glenwood Sq,42.0857979182,-71.0250608303,1,,
13265,,2013-05-03 03:49:38,Single Gunshot,71 Clinton St,42.0687659664,-71.0145799759,1,,
13263,,2013-04-28 22:44:44,Multiple Gunshots,28 Johnson Sq,42.0740913179,-71.0234494762,5,,
13262,,2013-04-28 03:35:40,Multiple Gunshots,99 Florence St,42.0715792644,-71.0242299468,6,,
13227,,2013-04-22 15:52:39,Possible Gunfire,70 Dover St,42.0742863438,-71.0226404368,6,,
13226,,2013-04-21 23:48:30,Single Gunshot,32 Milton St,42.0897604022,-71.0260964443,1,,
13219,,2013-04-17 18:31:20,Single Gunshot,Brides Ct,42.0878456816,-71.0255335772,1,,
13218,,2013-04-17 18:30:10,Single Gunshot,82 Brides Ct,42.0881602521,-71.0252299377,1,,
13217,,2013-04-14 02:15:50,Multiple Gunshots,88 S Fuller St Ext,42.0732639367,-71.0244022808,5,,
13216,,2013-04-14 02:15:41,Multiple Gunshots, ,42.0729737206,-71.0251493852,9,,
13215,,2013-04-13 23:50:44,Multiple Gunshots,11 Turner St,42.0881573117,-71.0216109299,5,,
13210,,2013-04-10 16:46:38,Single Gunshot,75 Wayland St,42.0938674468,-71.0223612701,1,,
13202,,2013-04-08 20:00:43,Single Gunshot,852 Warren Ave,42.0682055395,-71.0203521223,1,,
13195,13-25848,2013-04-05 19:58:12,Single Gunshot,52 Fairmount Ave,42.0962383054,-71.0228268995,1,,
13191,13-25807,2013-04-04 23:26:59,Multiple Gunshots,26 Battles St,42.0967817456,-71.0208634136,1,,
13190,,2013-04-04 00:07:57,Single Gunshot,55 Division St,42.0960940435,-71.0224501328,1,,
13189,,2013-04-03 21:56:19,Multiple Gunshots,123 Richmond St,42.0962251364,-71.02755469,1,,
13188,,2013-04-03 20:23:40,Single Gunshot,33 Fairmount Ave,42.0957076451,-71.0222749324,1,,
13185,,2013-03-29 02:34:05,Multiple Gunshots,58 Prospect St,42.0914876289,-71.0222084396,3,,
13183,,2013-03-24 19:23:15,Single Gunshot,23 Bolton Pl,42.0793237814,-71.0175504883,1,,
13182,,2013-03-14 20:51:16,Multiple Gunshots,55 Battles St,42.0970417972,-71.0221380032,5,,
13180,,2013-03-13 02:58:26,Multiple Gunshots,86 Glenwood Sq,42.0852071817,-71.0257498282,5,,
13170,,2013-03-02 18:28:10,Multiple Gunshots,55 Parker St,42.0889351229,-71.0084809771,3,,
13169,,2013-03-02 18:27:58,Multiple Gunshots,55 Parker St,42.0889385188,-71.0084640232,5,,
13168,,2013-03-02 04:25:23,Single Gunshot,610 Main St,42.0731122666,-71.0186291197,1,,
13166,,2013-02-28 02:14:27,Multiple Gunshots,210 Belmont St,42.0787006576,-71.0278877709,2,,
13163,,2013-02-24 04:27:51,Multiple Gunshots,380 N Montello St,42.0935611307,-71.0178878719,3,,
13162,,2013-02-24 04:27:34,Multiple Gunshots,416 N Main St,42.0941335841,-71.0192969748,4,,
13161,,2013-02-24 00:18:18,Single Gunshot,107 Clinton St,42.0676126315,-71.0142639648,1,,
13159,,2013-02-21 22:10:50,Single Gunshot,175 Ames St,42.1013525052,-71.0135353054,1,,
13158,,2013-02-21 20:29:37,Single Gunshot,36 Emerson Ave,42.1043080428,-71.0223324228,1,,
13157,,2013-02-17 03:20:22,Multiple Gunshots, NO NEARBY ADDRESS,42.0994754932,-71.0278607503,3,,
13156,,2013-02-16 03:06:09,Multiple Gunshots,20 Putnam St,42.0869594549,-71.0144139136,3,,
13151,,2013-02-12 18:14:55,Single Gunshot,103 Division St,42.0958121121,-71.0241681537,1,,
13148,,2013-02-05 22:24:42,Single Gunshot, NO NEARBY ADDRESS,42.1050766716,-71.0150196639,1,,
13147,,2013-02-04 19:23:57,Multiple Gunshots,365 Warren Ave,42.0782650078,-71.0224909302,3,,
13146,,2013-02-03 20:37:39,Multiple Gunshots,809 Warren Ave,42.0691969378,-71.020977746,7,,
13141,,2013-01-27 23:09:47,Single Gunshot,201 N Montello St,42.0900623372,-71.0171881127,1,,
13139,,2013-01-15 21:44:44,Multiple Gunshots,743 Warren Ave,42.070558305,-71.021635846,6,,
13137,,2013-01-09 01:07:38,Single Gunshot,174 Dover St,42.0738200644,-71.027237791,1,,
13136,,2013-01-08 23:17:38,Single Gunshot,362 Warren Ave,42.0785189844,-71.0219214505,1,,
13133,,2013-01-06 21:28:09,Single Gunshot,1015 Main St,42.0653716958,-71.0171132215,4,,
13131,,2013-01-05 03:54:53,Multiple Gunshots,399 Montello St,42.0776573764,-71.0172034361,3,,
13128,,2013-01-02 17:51:00,Single Gunshot,1 Golden Cr,42.0863125164,-71.0248270504,1,,
13127,,2013-01-02 14:39:11,Multiple Gunshots,59 Myrtle St,42.0701096992,-71.0234744338,10,,
13126,,2013-01-01 17:23:14,Multiple Gunshots,151 Dover St,42.0756209687,-71.0254471098,3,,
13124,,2013-01-01 01:45:48,Single Gunshot,134 Walnut St,42.0909651091,-71.0240921173,1,,
13123,,2013-01-01 00:36:41,Single Gunshot,23 N Manchester St,42.0873358929,-71.0105956527,1,,
